"","game_str","play_id","timestamp","timediff","playerAct","event","SB","popTime","exchange","timeOfThrow","timeToPlate","leadoff","rDist2B","maxSpeed","ball_x","ball_y","ball_z"
"1","1901_05_TeamLI_TeamA3",12,305805,0,"P","pitch",1,NA,NA,NA,NA,17.0381736676793,73.008703412196,26.9032560697567,-1.423044,54.8841,5.79138
"2","1901_05_TeamLI_TeamA3",12,307055,1250,"C","throw (ball-in-play)",1,NA,NA,NA,NA,17.0381736676793,44.1287397567617,26.9032560697567,-0.306507,2.227314,6.6528
"3","1901_05_TeamLI_TeamA3",12,308305,2500,"SS","ball deflection",1,NA,NA,NA,NA,17.0381736676793,10.4996696695658,26.9032560697567,0.5244,132.3777,0
"4","1901_05_TeamLI_TeamA3",81,2536803,0,"P","pitch",0,1950,700,1250,450,20.079127791067,69.9395673481757,27.1926778932402,-1.421373,54.6273,5.75325
"5","1901_05_TeamLI_TeamA3",81,2537253,450,"C","ball acquired",0,1950,700,1250,450,20.079127791067,59.4080038762455,27.1926778932402,1.01199,-1.712166,2.054004
"6","1901_05_TeamLI_TeamA3",81,2537953,1150,"C","throw (ball-in-play)",0,1950,700,1250,450,20.079127791067,41.1136770977737,27.1926778932402,-0.609201,0.996456,5.89767
"7","1901_05_TeamLI_TeamA3",81,2539203,2400,"SS","ball acquired",0,1950,700,1250,450,20.079127791067,7.1228297312234,27.1926778932402,2.831298,126.0939,0.398709
"8","1901_08_TeamLK_TeamB",42,1311692,0,"P","pitch",1,1900,650,1250,450,26.2081014430653,63.8100156813176,27.6248669389106,-0.877725,54.8367,6.23511
"9","1901_08_TeamLK_TeamB",42,1312142,450,"C","ball acquired",1,1900,650,1250,450,26.2081014430653,52.8353740061524,27.6248669389106,-1.137648,-4.60062,2.398605
"10","1901_08_TeamLK_TeamB",42,1312792,1100,"C","throw (ball-in-play)",1,1900,650,1250,450,26.2081014430653,35.7492093485996,27.6248669389106,-1.534962,-2.194875,3.11847
"11","1901_08_TeamLK_TeamB",42,1314042,2350,"3B","ball acquired",1,1900,650,1250,450,26.2081014430653,1.21812567496133,27.6248669389106,-2.507166,125.0463,1.987098
"12","1901_14_TeamLL_TeamB",75,2563199,0,"P","pitch",1,6200,700,5500,450,16.4385443522229,73.5803775501322,27.6676797341186,-2.352873,55.0332,5.80434
"13","1901_14_TeamLL_TeamB",75,2563649,450,"C","ball acquired",1,6200,700,5500,450,16.4385443522229,64.2536892861414,27.6676797341186,-0.354831,-2.19072,-0.01330086
"14","1901_14_TeamLL_TeamB",75,2564349,1150,"C","throw (ball-in-play)",1,6200,700,5500,450,16.4385443522229,48.0639017877242,27.6676797341186,-4.14678,-0.564594,0.88956
"15","1901_14_TeamLL_TeamB",75,2565799,2600,"SS","ball deflection",1,6200,700,5500,450,16.4385443522229,7.94576617325227,27.6676797341186,-8.0535,146.7108,-0.1365612
"16","1901_14_TeamLL_TeamB",75,2569849,6650,"SS","ball acquired",1,6200,700,5500,450,16.4385443522229,1.51150439628869,27.6676797341186,-4.5375,125.3529,0.3315
"17","1901_14_TeamLL_TeamB",134,4736197,0,"P","pitch",0,2000,650,1350,550,16.8007105864603,73.2156704825545,26.9563214338165,-2.582298,56.5005,6.14349
"18","1901_14_TeamLL_TeamB",134,4736747,550,"C","ball acquired",0,2000,650,1350,550,16.8007105864603,61.900855436577,26.9563214338165,-1.161159,-5.96766,1.201344
"19","1901_14_TeamLL_TeamB",134,4737397,1200,"C","throw (ball-in-play)",0,2000,650,1350,550,16.8007105864603,46.8616974738432,26.9563214338165,-0.2769324,-4.31973,6.04935
"20","1901_14_TeamLL_TeamB",134,4738747,2550,"SS","ball acquired",0,2000,650,1350,550,16.8007105864603,10.4706635381909,26.9563214338165,3.04425,129.3957,-0.0794208
"21","1901_16_TeamLH_TeamA3",143,4916272,0,"P","pitch",1,NA,NA,NA,4250,16.4273470073533,73.6020820744903,2.3955045985025,-1.173786,55.1196,6.25227
"22","1901_16_TeamLH_TeamA3",143,4916672,400,"event no player","ball bounce",1,NA,NA,NA,4250,16.4273470073533,72.6438802350893,2.3955045985025,1.586676,8.58171,0.1089849
"23","1901_16_TeamLH_TeamA3",143,4916822,550,"C","ball deflection",1,NA,NA,NA,4250,16.4273470073533,72.2920553262252,2.3955045985025,1.745193,-4.0878,2.136561
"24","1901_16_TeamLH_TeamA3",143,4920522,4250,"C","ball acquired",1,NA,NA,NA,4250,16.4273470073533,83.2304563786599,2.3955045985025,23.1393,18.5688,0.057
"25","1902_01_TeamMG_TeamA3",74,2210493,0,"P","pitch",1,NA,700,NA,500,19.9338820669733,70.0938053344231,26.1134288130288,0.02629653,57.1128,6.4854
"26","1902_01_TeamMG_TeamA3",74,2210993,500,"C","ball acquired",1,NA,700,NA,500,19.9338820669733,59.1037504587484,26.1134288130288,1.067496,-5.85063,0.830607
"27","1902_01_TeamMG_TeamA3",74,2211693,1200,"C","throw (ball-in-play)",1,NA,700,NA,500,19.9338820669733,41.7627541776162,26.1134288130288,0.765183,-1.276455,6.07755
"28","1902_01_TeamMG_TeamA3",74,2212943,2450,"SS","ball deflection",1,NA,700,NA,500,19.9338820669733,9.12096816133024,26.1134288130288,-1.432626,125.6637,0.696288
"29","1902_08_TeamMJ_TeamB",12,283044,0,"P","pitch",1,1950,650,1300,450,23.7515309708659,66.2642144408277,25.5735318146187,2.673615,52.3773,5.78178
"30","1902_08_TeamMJ_TeamB",12,283494,450,"C","ball acquired",1,1950,650,1300,450,23.7515309708659,56.2723752327907,25.5735318146187,0.447918,-4.90731,2.729697
"31","1902_08_TeamMJ_TeamB",12,284144,1100,"C","throw (ball-in-play)",1,1950,650,1300,450,23.7515309708659,40.6225020382792,25.5735318146187,0.579891,-2.642247,5.56308
"32","1902_08_TeamMJ_TeamB",12,285444,2400,"SS","ball acquired",1,1950,650,1300,450,23.7515309708659,7.37691067927489,25.5735318146187,4.72833,127.2708,3.55719
"33","1902_08_TeamMJ_TeamB",80,2885344,0,"P","pitch",1,1900,650,1250,500,20.2123483813732,69.8219033763045,27.7042924258223,2.712855,57.7008,5.89905
"34","1902_08_TeamMJ_TeamB",80,2885844,500,"C","ball acquired",1,1900,650,1250,500,20.2123483813732,59.341252768205,27.7042924258223,1.674792,-2.388414,2.232162
"35","1902_08_TeamMJ_TeamB",80,2886494,1150,"C","throw (ball-in-play)",1,1900,650,1250,500,20.2123483813732,44.173167063275,27.7042924258223,1.675806,-1.512801,5.55318
"36","1902_08_TeamMJ_TeamB",80,2887744,2400,"2B","ball acquired",1,1900,650,1250,500,20.2123483813732,9.54280153099707,27.7042924258223,-1.668666,126.4647,7.0791
"37","1902_08_TeamMJ_TeamB",103,3770444,0,"P","pitch",1,1950,600,1350,450,18.0878996904008,71.9268491400117,25.5917128765389,-1.487664,52.0485,6.29307
"38","1902_08_TeamMJ_TeamB",103,3770894,450,"C","ball acquired",1,1950,600,1350,450,18.0878996904008,62.6666664760461,25.5917128765389,-0.2089224,-5.46819,3.80703
"39","1902_08_TeamMJ_TeamB",103,3771494,1050,"C","throw (ball-in-play)",1,1950,600,1350,450,18.0878996904008,49.0188525702102,25.5917128765389,1.024698,-3.77379,5.74884
"40","1902_08_TeamMJ_TeamB",103,3772844,2400,"SS","ball acquired",1,1950,600,1350,450,18.0878996904008,14.4700401868827,25.5917128765389,-0.00590805,127.7238,7.80096
"41","1902_08_TeamMJ_TeamB",169,6558644,0,"P","pitch",1,5350,650,4700,450,19.6926029696432,70.3281024038044,27.9036782701695,-1.539444,53.568,5.91555
"42","1902_08_TeamMJ_TeamB",169,6559094,450,"C","ball acquired",1,5350,650,4700,450,19.6926029696432,60.5482418179091,27.9036782701695,1.287687,-4.70565,1.203228
"43","1902_08_TeamMJ_TeamB",169,6559744,1100,"C","throw (ball-in-play)",1,5350,650,4700,450,19.6926029696432,44.9437135325954,27.9036782701695,0.0400278,0.2837157,6.24747
"44","1902_08_TeamMJ_TeamB",169,6560994,2350,"SS","ball deflection",1,5350,650,4700,450,19.6926029696432,10.0641156948835,27.9036782701695,2.834334,123.8649,7.68171
"45","1902_08_TeamMJ_TeamB",169,6561494,2850,"event no player","ball bounce",1,5350,650,4700,450,19.6926029696432,3.5495300674878,27.9036782701695,8.54853,137.5554,-0.1652667
"46","1902_08_TeamMJ_TeamB",169,6562194,3550,"event no player","ball bounce",1,5350,650,4700,450,19.6926029696432,2.02562465427334,27.9036782701695,13.5642,149.0091,-0.2172
"47","1902_08_TeamMJ_TeamB",169,6563344,4700,"2B","ball acquired",1,5350,650,4700,450,19.6926029696432,0.872263199957446,27.9036782701695,22.2327,164.8509,0
"48","1902_08_TeamMJ_TeamB",169,6564644,6000,"2B","throw (ball-in-play)",1,5350,650,4700,450,19.6926029696432,1.30427512435069,27.9036782701695,19.60257,165.7005,6.25353
"49","1902_08_TeamMJ_TeamB",169,6565544,6900,"SS","ball acquired",1,5350,650,4700,450,19.6926029696432,1.63687171152782,27.9036782701695,8.62608,127.5966,4.68468
"50","1902_08_TeamMJ_TeamB",222,8460894,0,"P","pitch",0,1900,700,1200,550,18.7661456953739,71.2519505154771,23.5640644998609,-2.397345,53.9499,5.6217
"51","1902_08_TeamMJ_TeamB",222,8461444,550,"C","ball acquired",0,1900,700,1200,550,18.7661456953739,60.1955842900457,23.5640644998609,1.186785,-6.74559,-0.1911741
"52","1902_08_TeamMJ_TeamB",222,8462144,1250,"C","throw (ball-in-play)",0,1900,700,1200,550,18.7661456953739,44.7722419680989,23.5640644998609,1.280457,-3.60381,5.27826
"53","1902_08_TeamMJ_TeamB",222,8463344,2450,"2B","ball acquired",0,1900,700,1200,550,18.7661456953739,16.4953645682658,23.5640644998609,5.94975,118.4193,2.159571
"54","1902_09_TeamMJ_TeamB",252,9346655,0,"P","pitch",1,NA,750,NA,500,20.480214669041,69.5416216153319,23.7791382834119,1.877787,57.0705,5.40609
"55","1902_09_TeamMJ_TeamB",252,9347155,500,"C","ball acquired",1,NA,750,NA,500,20.480214669041,59.0224544420172,23.7791382834119,1.688445,-3.92082,0.98952
"56","1902_09_TeamMJ_TeamB",252,9347905,1250,"C","throw (ball-in-play)",1,NA,750,NA,500,20.480214669041,41.1881007294583,23.7791382834119,2.166846,-1.834833,5.69304
"57","1902_09_TeamMJ_TeamB",252,9349105,2450,"2B","ball deflection",1,NA,750,NA,500,20.480214669041,13.5088785874328,23.7791382834119,-0.665304,122.1615,1.382628
"58","1902_11_TeamMI_TeamA3",25,745902,0,"P","pitch",1,1850,700,1150,500,22.4722194482432,67.5458132450117,25.9464335373296,-3.40254,55.9452,5.69937
"59","1902_11_TeamMI_TeamA3",25,746402,500,"C","ball acquired",1,1850,700,1150,500,22.4722194482432,56.7700475494781,25.9464335373296,0.865539,-3.55728,-1.41582
"60","1902_11_TeamMI_TeamA3",25,747102,1200,"C","throw (ball-in-play)",1,1850,700,1150,500,22.4722194482432,39.8666179936297,25.9464335373296,-0.846825,0.1788162,4.89684
"61","1902_11_TeamMI_TeamA3",25,748252,2350,"SS","ball acquired",1,1850,700,1150,500,22.4722194482432,10.0282194257007,25.9464335373296,-2.314305,125.3349,4.20579
"62","1902_12_TeamMI_TeamA3",61,1942204,0,"P","pitch",0,1900,700,1200,550,20.6213432348623,69.3968446603302,26.930176551618,-2.261871,54.5043,6.12381
"63","1902_12_TeamMI_TeamA3",61,1942754,550,"C","ball acquired",0,1900,700,1200,550,20.6213432348623,58.2175361986404,26.930176551618,1.235583,-6.75369,-0.1557225
"64","1902_12_TeamMI_TeamA3",61,1943454,1250,"C","throw (ball-in-play)",0,1900,700,1200,550,20.6213432348623,42.2034432133209,26.930176551618,1.522353,0.619389,5.96985
"65","1902_12_TeamMI_TeamA3",61,1944504,2300,"event no player","ball bounce",0,1900,700,1200,550,20.6213432348623,15.1944876521059,26.930176551618,0.960072,112.1712,0.459621
"66","1902_12_TeamMI_TeamA3",61,1944654,2450,"2B","ball acquired",0,1900,700,1200,550,20.6213432348623,11.1549611693632,26.930176551618,-0.3864,122.3919,0
"67","1902_13_TeamMK_TeamB",66,2384560,0,"P","pitch",0,2000,650,1350,500,20.2664589124494,69.890025045424,25.7532409288808,-3.59433,56.5074,5.61258
"68","1902_13_TeamMK_TeamB",66,2385060,500,"C","ball acquired",0,2000,650,1350,500,20.2664589124494,61.3108636680319,25.7532409288808,1.399248,-5.72796,0.571833
"69","1902_13_TeamMK_TeamB",66,2385710,1150,"C","throw (ball-in-play)",0,2000,650,1350,500,20.2664589124494,45.4749487100315,25.7532409288808,2.572833,-5.0793,5.67483
"70","1902_13_TeamMK_TeamB",66,2387060,2500,"2B","ball acquired",0,2000,650,1350,500,20.2664589124494,10.7080734560424,25.7532409288808,0.2317323,130.9026,0.640497
"71","1902_18_TeamMB_TeamA1",187,6778904,0,"P","pitch",1,2150,950,1200,550,22.7718112749074,67.2607055028417,24.8939775946676,-1.844049,53.0613,6.39576
"72","1902_18_TeamMB_TeamA1",187,6779454,550,"C","ball acquired",1,2150,950,1200,550,22.7718112749074,55.611924642562,24.8939775946676,2.279562,-7.56066,-0.947103
"73","1902_18_TeamMB_TeamA1",187,6780404,1500,"C","throw (ball-in-play)",1,2150,950,1200,550,22.7718112749074,32.7686985632631,24.8939775946676,0.469146,2.306172,6.58695
"74","1902_18_TeamMB_TeamA1",187,6781604,2700,"SS","ball acquired",1,2150,950,1200,550,22.7718112749074,2.89592544966198,24.8939775946676,-1.260882,125.0667,5.62431
"75","1902_22_TeamMA_TeamA1",117,4071190,0,"P","pitch",1,1950,750,1200,550,18.8581659375985,71.2102613569842,26.5335996798205,-1.828995,56.2551,5.16003
"76","1902_22_TeamMA_TeamA1",117,4071740,550,"C","ball acquired",1,1950,750,1200,550,18.8581659375985,59.6501100335113,26.5335996798205,0.991893,-3.36567,-0.314598
"77","1902_22_TeamMA_TeamA1",117,4072490,1300,"C","throw (ball-in-play)",1,1950,750,1200,550,18.8581659375985,41.8823256593996,26.5335996798205,0.0551118,-1.484199,6.20019
"78","1902_22_TeamMA_TeamA1",117,4073690,2500,"SS","ball acquired",1,1950,750,1200,550,18.8581659375985,10.042006043615,26.5335996798205,0.000480138,123.6033,4.19343
"79","1902_23_TeamMA_TeamA1",80,2460888,0,"P","pitch",0,1850,650,1200,500,19.8399234524733,70.1748417212323,23.6128588028612,-3.11148,55.6224,5.98353
"80","1902_23_TeamMA_TeamA1",80,2461388,500,"C","ball acquired",0,1850,650,1200,500,19.8399234524733,60.2019524149342,23.6128588028612,-1.081122,-1.725138,1.139265
"81","1902_23_TeamMA_TeamA1",80,2462038,1150,"C","throw (ball-in-play)",0,1850,650,1200,500,19.8399234524733,45.9706639613787,23.6128588028612,-1.747404,-0.687876,6.51033
"82","1902_23_TeamMA_TeamA1",80,2463238,2350,"SS","ball acquired",0,1850,650,1200,500,19.8399234524733,17.6352333979452,23.6128588028612,-3.19653,122.2563,1.055922
"83","1902_23_TeamMA_TeamA1",99,3240038,0,"P","pitch",0,2000,800,1200,550,16.279969838117,73.7474340565826,23.7082508950478,2.704617,57.0423,5.97813
"84","1902_23_TeamMA_TeamA1",99,3240588,550,"C","ball acquired",0,2000,800,1200,550,16.279969838117,63.6529907741969,23.7082508950478,0.69426,-7.12815,-0.076134
"85","1902_23_TeamMA_TeamA1",99,3241388,1350,"C","throw (ball-in-play)",0,2000,800,1200,550,16.279969838117,45.6818212996155,23.7082508950478,1.573206,-3.27459,4.9347
"86","1902_23_TeamMA_TeamA1",99,3242588,2550,"2B","ball acquired",0,2000,800,1200,550,16.279969838117,17.2319202255581,23.7082508950478,6.63891,122.9319,4.46577
"87","1902_23_TeamMA_TeamA1",240,8675988,0,"P","pitch",0,1900,500,1400,500,20.4757728804067,69.5888214230562,26.963472485143,-1.754262,58.1802,6.16878
"88","1902_23_TeamMA_TeamA1",240,8676488,500,"C","ball acquired",0,1900,500,1400,500,20.4757728804067,58.7219472954533,26.963472485143,1.137294,-6.11763,2.794266
"89","1902_23_TeamMA_TeamA1",240,8676988,1000,"C","throw (ball-in-play)",0,1900,500,1400,500,20.4757728804067,46.8655337591497,26.963472485143,1.194993,-5.33637,4.91187
"90","1902_23_TeamMA_TeamA1",240,8678388,2400,"2B","ball acquired",0,1900,500,1400,500,20.4757728804067,9.11667227994952,26.963472485143,1.628391,124.5669,3.62052
"91","1902_24_TeamMA_TeamA1",34,923201,0,"P","pitch",1,1881,693,1188,561,22.294457402682,67.7216239533577,28.7149347885381,-1.955388,54.0198,5.98197
"92","1902_24_TeamMA_TeamA1",34,923762,561,"C","ball acquired",1,1881,693,1188,561,22.294457402682,55.6650586796601,28.7149347885381,0.917943,-5.62359,1.318941
"93","1902_24_TeamMA_TeamA1",34,924455,1254,"C","throw (ball-in-play)",1,1881,693,1188,561,22.294457402682,38.3472877398128,28.7149347885381,1.081206,-2.010945,6.05376
"94","1902_24_TeamMA_TeamA1",34,925643,2442,"2B","ball acquired",1,1881,693,1188,561,22.294457402682,4.23394521102954,28.7149347885381,2.262273,126.5799,2.176908
"95","1902_26_TeamMC_TeamA1",41,1622927,0,"P","pitch",0,NA,600,NA,500,17.0260482017995,73.1170304195268,4.738950492724,-2.224491,57.5004,6.16767
"96","1902_26_TeamMC_TeamA1",41,1623427,500,"C","ball acquired",0,NA,600,NA,500,17.0260482017995,70.7475551731648,4.738950492724,-0.1427346,-3.94527,4.62963
"97","1902_26_TeamMC_TeamA1",41,1624027,1100,"C","throw (ball-in-play)",0,NA,600,NA,500,17.0260482017995,70.9934247558885,4.738950492724,1.74048,-4.92705,4.34502
"98","1902_26_TeamMC_TeamA1",41,1624927,2000,"1B","ball acquired",0,NA,600,NA,500,17.0260482017995,81.7310560142838,4.738950492724,58.4043,63.4239,1.900956
"99","1902_26_TeamMH_TeamA3",71,2312856,0,"P","pitch",1,1950,700,1250,450,26.4569531838041,63.8353049007365,25.3349310563963,-2.629536,53.4168,5.26845
"100","1902_26_TeamMH_TeamA3",71,2313306,450,"C","ball acquired",1,1950,700,1250,450,26.4569531838041,53.5124769567808,25.3349310563963,-1.213068,-5.64069,0.791139
"101","1902_26_TeamMH_TeamA3",71,2314006,1150,"C","throw (ball-in-play)",1,1950,700,1250,450,26.4569531838041,35.7780252173034,25.3349310563963,-1.07847,-0.777198,5.86014
"102","1902_26_TeamMH_TeamA3",71,2315256,2400,"SS","ball acquired",1,1950,700,1250,450,26.4569531838041,4.49793788863297,25.3349310563963,-0.660669,128.685,8.68059
"103","1902_26_TeamMH_TeamA3",135,4285756,0,"P","pitch",1,1750,600,1150,500,22.5351667056181,67.5008668273971,26.0782437418495,2.29587,58.9236,5.6502
"104","1902_26_TeamMH_TeamA3",135,4286256,500,"C","ball acquired",1,1750,600,1150,500,22.5351667056181,55.6368160308442,26.0782437418495,-0.498759,-4.04925,1.98537
"105","1902_26_TeamMH_TeamA3",135,4286856,1100,"C","throw (ball-in-play)",1,1750,600,1150,500,22.5351667056181,39.9898697857345,26.0782437418495,-1.340223,-3.36018,5.01312
"106","1902_26_TeamMH_TeamA3",135,4288006,2250,"SS","ball acquired",1,1750,600,1150,500,22.5351667056181,10.7402136477819,26.0782437418495,0.0301932,125.3592,2.97273
"107","1902_26_TeamMH_TeamA3",196,6512006,0,"P","pitch",1,1850,700,1150,500,22.9015876637407,67.1346566053629,26.6224401838579,-1.544361,59.22,6.09033
"108","1902_26_TeamMH_TeamA3",196,6512506,500,"C","ball acquired",1,1850,700,1150,500,22.9015876637407,55.2973999658212,26.6224401838579,0.385647,-4.03164,-0.1913277
"109","1902_26_TeamMH_TeamA3",196,6513206,1200,"C","throw (ball-in-play)",1,1850,700,1150,500,22.9015876637407,36.6616918371207,26.6224401838579,-0.1444197,2.003067,5.69781
"110","1902_26_TeamMH_TeamA3",196,6514356,2350,"SS","ball acquired",1,1850,700,1150,500,22.9015876637407,7.81991005702751,26.6224401838579,1.211844,128.487,-1.433586
"111","1902_28_TeamMC_TeamA1",147,5482805,0,"P","pitch",1,2100,750,1350,450,22.5932910734581,67.422229728258,25.5701323326308,-1.469301,55.1277,5.27772
"112","1902_28_TeamMC_TeamA1",147,5483255,450,"C","ball acquired",1,2100,750,1350,450,22.5932910734581,57.769899678812,25.5701323326308,-1.645635,-4.11585,0.518865
"113","1902_28_TeamMC_TeamA1",147,5484005,1200,"C","throw (ball-in-play)",1,2100,750,1350,450,22.5932910734581,40.1920465073626,25.5701323326308,-1.720716,-6.16464,5.74464
"114","1902_28_TeamMC_TeamA1",147,5485355,2550,"SS","ball acquired",1,2100,750,1350,450,22.5932910734581,5.67236785831102,25.5701323326308,1.328661,121.8267,2.807052
"115","1902_31_TeamMF_TeamA2",101,2896046,0,"P","pitch",0,1850,550,1300,500,28.6043081519201,61.4266803013967,26.1740159700187,-2.237775,53.6346,5.11566
"116","1902_31_TeamMF_TeamA2",101,2896546,500,"C","ball acquired",0,1850,550,1300,500,28.6043081519201,49.2023615361092,26.1740159700187,1.953207,-9.04431,-0.355647
"117","1902_31_TeamMF_TeamA2",101,2897096,1050,"C","throw (ball-in-play)",0,1850,550,1300,500,28.6043081519201,34.8066527525989,26.1740159700187,2.693172,-0.922395,4.96761
"118","1902_31_TeamMF_TeamA2",101,2898396,2350,"2B","ball acquired",0,1850,550,1300,500,28.6043081519201,4.516411434978,26.1740159700187,3.73731,123.9543,2.217372
"119","1903_01_TeamNE_TeamA2",259,8542844,0,"P","pitch",1,1881,561,1320,561,10.5250222688601,79.491489643609,1.43951209288712,-2.119596,56.3778,5.77041
"120","1903_01_TeamNE_TeamA2",259,8543405,561,"C","ball acquired",1,1881,561,1320,561,10.5250222688601,79.0323834572259,1.43951209288712,1.066866,-4.07742,0.322347
"121","1903_01_TeamNE_TeamA2",259,8543966,1122,"C","throw (ball-in-play)",1,1881,561,1320,561,10.5250222688601,78.7984412055213,1.43951209288712,1.285233,-2.689689,5.82594
"122","1903_01_TeamNE_TeamA2",259,8545286,2442,"2B","ball acquired",1,1881,561,1320,561,10.5250222688601,76.8982852429103,1.43951209288712,3.4851,124.3803,0.470241
"123","1903_01_TeamNE_TeamA2",284,9425100,0,"P","pitch",1,1914,627,1287,495,10.4760403058598,79.5448422997368,4.09533235703302,2.714574,53.8017,6.02238
"124","1903_01_TeamNE_TeamA2",284,9425595,495,"C","ball acquired",1,1914,627,1287,495,10.4760403058598,79.4846124482594,4.09533235703302,0.555183,-3.64986,3.63471
"125","1903_01_TeamNE_TeamA2",284,9426222,1122,"C","throw (ball-in-play)",1,1914,627,1287,495,10.4760403058598,79.4087932965235,4.09533235703302,1.675281,-1.866162,5.86629
"126","1903_01_TeamNE_TeamA2",284,9427509,2409,"2B","ball acquired",1,1914,627,1287,495,10.4760403058598,74.138100553022,4.09533235703302,5.36778,125.8347,6.36438
"127","1903_05_TeamND_TeamA2",114,3321962,0,"P","pitch",0,1900,600,1300,500,11.4685338770917,78.5543978736391,1.9877601318594,-2.464854,54.8391,5.60973
"128","1903_05_TeamND_TeamA2",114,3322462,500,"C","ball acquired",0,1900,600,1300,500,11.4685338770917,77.5605178077094,1.9877601318594,-0.894393,-4.02948,1.770801
"129","1903_05_TeamND_TeamA2",114,3323062,1100,"C","throw (ball-in-play)",0,1900,600,1300,500,11.4685338770917,76.8287622111016,1.9877601318594,-0.789285,-9.88278,5.21175
"130","1903_05_TeamND_TeamA2",114,3324362,2400,"SS","ball acquired",0,1900,600,1300,500,11.4685338770917,75.3696296421841,1.9877601318594,2.016429,127.0794,0.2731917
"131","1903_06_TeamND_TeamA2",15,299574,0,"P","pitch",0,1950,700,1250,500,11.4860005032213,78.5585851168413,0.480097224400242,2.441886,54.6774,6.10392
"132","1903_06_TeamND_TeamA2",15,300074,500,"C","ball acquired",0,1950,700,1250,500,11.4860005032213,78.5462047641387,0.480097224400242,0.819579,-3.48744,1.418919
"133","1903_06_TeamND_TeamA2",15,300774,1200,"C","throw (ball-in-play)",0,1950,700,1250,500,11.4860005032213,78.5877730238617,0.480097224400242,1.263366,-1.634841,6.48192
"134","1903_06_TeamND_TeamA2",15,302024,2450,"2B","ball acquired",0,1950,700,1250,500,11.4860005032213,77.9876514933614,0.480097224400242,-2.112225,124.6977,2.307645
"135","1903_06_TeamND_TeamA2",141,4567574,0,"P","pitch",1,1700,700,1000,2100,11.3853853711677,78.7770536898277,5.099512953367,2.970168,53.985,5.57763
"136","1903_06_TeamND_TeamA2",141,4568074,500,"event no player","ball bounce",1,1700,700,1000,2100,11.3853853711677,78.4391604601936,5.099512953367,-1.044213,-1.974114,-1.424088
"137","1903_06_TeamND_TeamA2",141,4568174,600,"C","ball deflection",1,1700,700,1000,2100,11.3853853711677,78.3716272723745,5.099512953367,0.9687,-2.8308,0.0453
"138","1903_06_TeamND_TeamA2",141,4568724,1150,"event no player","ball bounce",1,1700,700,1000,2100,11.3853853711677,77.9997589219992,5.099512953367,-7.8876,-0.6816,-0.1089
"139","1903_06_TeamND_TeamA2",141,4569024,1450,"event no player","ball bounce",1,1700,700,1000,2100,11.3853853711677,77.7971527857543,5.099512953367,-13.041,-6.6222,2.649987
"140","1903_06_TeamND_TeamA2",141,4569674,2100,"C","ball acquired",1,1700,700,1000,2100,11.3853853711677,77.3579745172403,5.099512953367,-12.4275,0.9054,0
"141","1903_06_TeamND_TeamA2",141,4570374,2800,"C","throw (ball-in-play)",1,1700,700,1000,2100,11.3853853711677,76.8848146609589,5.099512953367,-12.41001,4.13238,4.89969
"142","1903_06_TeamND_TeamA2",141,4571374,3800,"2B","ball acquired",1,1700,700,1000,2100,11.3853853711677,71.7853017075919,5.099512953367,-1.166577,127.539,4.32759
"143","1903_07_TeamND_TeamA2",57,1585173,0,"P","pitch",1,2050,700,1350,450,25.6717066390219,64.3563603209504,25.34100289505,-1.957605,53.9448,5.9523
"144","1903_07_TeamND_TeamA2",57,1585623,450,"C","ball acquired",1,2050,700,1350,450,25.6717066390219,54.5566553414888,25.34100289505,-0.2713827,-7.43694,1.798554
"145","1903_07_TeamND_TeamA2",57,1586323,1150,"C","throw (ball-in-play)",1,2050,700,1350,450,25.6717066390219,37.1909266871639,25.34100289505,0.1456065,-1.99674,5.33592
"146","1903_07_TeamND_TeamA2",57,1587673,2500,"2B","ball acquired",1,2050,700,1350,450,25.6717066390219,2.98057277884637,25.34100289505,-5.28582,120.7977,5.47416
"147","1903_07_TeamND_TeamA2",101,2932173,0,"P","pitch",1,2100,800,1300,500,20.1318573142172,69.9181481370895,26.9722452866686,-2.063091,55.3641,5.95968
"148","1903_07_TeamND_TeamA2",101,2932673,500,"C","ball acquired",1,2100,800,1300,500,20.1318573142172,59.8298821848247,26.9722452866686,1.176798,-5.63643,-0.397446
"149","1903_07_TeamND_TeamA2",101,2933473,1300,"C","throw (ball-in-play)",1,2100,800,1300,500,20.1318573142172,40.9610607744721,26.9722452866686,0.412983,-6.05919,5.72193
"150","1903_07_TeamND_TeamA2",101,2934773,2600,"SS","ball acquired",1,2100,800,1300,500,20.1318573142172,5.89714190180294,26.9722452866686,3.07173,125.1516,3.8127
"151","1903_09_TeamNJ_TeamB",83,3030615,0,"P","pitch",0,2050,800,1250,450,10.7656714430638,79.415716716655,3.18616672019336,-1.437921,53.2947,6.34221
"152","1903_09_TeamNJ_TeamB",83,3031065,450,"C","ball acquired",0,2050,800,1250,450,10.7656714430638,79.4961964849262,3.18616672019336,0.1844835,-3.71457,0.584733
"153","1903_09_TeamNJ_TeamB",83,3031865,1250,"C","throw (ball-in-play)",0,2050,800,1250,450,10.7656714430638,79.6147838030098,3.18616672019336,0.0882783,-1.314888,4.92801
"154","1903_09_TeamNJ_TeamB",83,3033115,2500,"SS","ball acquired",0,2050,800,1250,450,10.7656714430638,75.6320754027681,3.18616672019336,1.392888,128.2425,1.716534
"155","1903_09_TeamNJ_TeamB",104,3820265,0,"P","pitch",0,2900,1700,1200,500,8.91334383999631,81.2283567875776,15.280126973984,-1.974066,54.6285,6.09756
"156","1903_09_TeamNJ_TeamB",104,3820765,500,"C","ball acquired",0,2900,1700,1200,500,8.91334383999631,81.3320265937718,15.280126973984,0.2233911,-4.28583,1.095123
"157","1903_09_TeamNJ_TeamB",104,3822465,2200,"C","throw (ball-in-play)",0,2900,1700,1200,500,8.91334383999631,81.3505130979516,15.280126973984,-1.130757,0.02493483,5.88939
"158","1903_09_TeamNJ_TeamB",104,3823665,3400,"SS","ball acquired",0,2900,1700,1200,500,8.91334383999631,73.8585732708126,15.280126973984,6.50316,126.6561,4.87323
"159","1903_09_TeamNJ_TeamB",104,3826265,6000,"SS","throw (ball-in-play)",0,2900,1700,1200,500,8.91334383999631,34.1302431384542,15.280126973984,28.74147,95.2437,6.49749
"160","1903_09_TeamNJ_TeamB",104,3826865,6600,"1B","ball acquired",0,2900,1700,1200,500,8.91334383999631,35.0317733336467,15.280126973984,50.8335,76.701,4.43613
"161","1903_09_TeamNJ_TeamB",113,4155415,0,"P","pitch",0,2300,1000,1300,500,13.0800195431811,77.1214137010597,2.23532400415362,-1.463769,55.9818,6.33903
"162","1903_09_TeamNJ_TeamB",113,4155915,500,"C","ball acquired",0,2300,1000,1300,500,13.0800195431811,76.8382247905949,2.23532400415362,-1.057839,-6.98763,1.006083
"163","1903_09_TeamNJ_TeamB",113,4156915,1500,"C","throw (ball-in-play)",0,2300,1000,1300,500,13.0800195431811,76.278117456909,2.23532400415362,0.28761,-1.216368,5.29842
"164","1903_09_TeamNJ_TeamB",113,4158215,2800,"SS","ball acquired",0,2300,1000,1300,500,13.0800195431811,73.3721962515093,2.23532400415362,3.4428,126.5202,3.44613
"165","1903_09_TeamNJ_TeamB",171,6538015,0,"P","pitch",1,NA,NA,NA,2000,13.1410440894169,77.7166227248714,0.465436403773546,-1.668705,57.2109,6.40362
"166","1903_09_TeamNJ_TeamB",171,6538465,450,"event no player","ball bounce",1,NA,NA,NA,2000,13.1410440894169,77.5322902904977,0.465436403773546,0.457338,1.996587,0.00800751
"167","1903_09_TeamNJ_TeamB",171,6538665,650,"C","ball deflection",1,NA,NA,NA,2000,13.1410440894169,77.4559279023239,0.465436403773546,1.9617,-2.7915,-0.0945
"168","1903_09_TeamNJ_TeamB",171,6540015,2000,"C","ball acquired",1,NA,NA,NA,2000,13.1410440894169,76.8275887572296,0.465436403773546,-0.648,1.1856,-0.0585
"169","1903_09_TeamNJ_TeamB",209,8074765,0,"P","pitch",1,1850,650,1200,550,11.0088714975696,79.8167463609611,2.58413645975575,1.74198,57.8502,6.10383
"170","1903_09_TeamNJ_TeamB",209,8075315,550,"C","ball acquired",1,1850,650,1200,550,11.0088714975696,79.3899532808151,2.58413645975575,-0.1273473,-7.00584,1.980441
"171","1903_09_TeamNJ_TeamB",209,8075965,1200,"C","throw (ball-in-play)",1,1850,650,1200,550,11.0088714975696,78.8825989049549,2.58413645975575,0.1131642,-2.037594,5.80269
"172","1903_09_TeamNJ_TeamB",209,8077165,2400,"SS","ball acquired",1,1850,650,1200,550,11.0088714975696,75.781635153248,2.58413645975575,-0.716298,125.4423,3.47586
"173","1903_11_TeamNC_TeamA1",117,9353186,0,"P","pitch",1,1800,700,1100,500,19.7767385493665,70.2962311340373,26.417259042926,-2.277426,54.8829,6.18501
"174","1903_11_TeamNC_TeamA1",117,9353686,500,"C","ball acquired",1,1800,700,1100,500,19.7767385493665,60.3205224423662,26.417259042926,-1.132803,-3.86631,0.767718
"175","1903_11_TeamNC_TeamA1",117,9354386,1200,"C","throw (ball-in-play)",1,1800,700,1100,500,19.7767385493665,43.2341525317659,26.417259042926,-2.496048,6.0621,6.21978
"176","1903_11_TeamNC_TeamA1",117,9355486,2300,"SS","ball acquired",1,1800,700,1100,500,19.7767385493665,14.1751675845473,26.417259042926,-4.85166,124.4937,6.00975
"177","1903_12_TeamNC_TeamA1",178,6280104,0,"P","pitch",0,2150,850,1300,500,17.6661097726693,72.3578795052757,25.3000619290521,-0.981336,57.7119,6.55785
"178","1903_12_TeamNC_TeamA1",178,6280604,500,"C","ball acquired",0,2150,850,1300,500,17.6661097726693,65.7237040054804,25.3000619290521,-1.029372,-5.69793,2.130978
"179","1903_12_TeamNC_TeamA1",178,6281454,1350,"C","throw (ball-in-play)",0,2150,850,1300,500,17.6661097726693,49.3993312793807,25.3000619290521,1.270668,-5.60928,5.85696
"180","1903_12_TeamNC_TeamA1",178,6282754,2650,"2B","ball acquired",0,2150,850,1300,500,17.6661097726693,16.5092507716129,25.3000619290521,3.7623,127.4373,3.36627
"181","1903_13_TeamNG_TeamA3",215,7246734,0,"P","pitch",1,1850,650,1200,450,21.132175142422,69.0020521886849,27.6835059449638,4.51005,52.6116,3.66339
"182","1903_13_TeamNG_TeamA3",215,7247184,450,"C","ball acquired",1,1850,650,1200,450,21.132175142422,60.1339643471142,27.6835059449638,-0.664311,-2.529864,1.857741
"183","1903_13_TeamNG_TeamA3",215,7247834,1100,"C","throw (ball-in-play)",1,1850,650,1200,450,21.132175142422,43.9587740611587,27.6835059449638,-0.406656,-1.594938,5.6787
"184","1903_13_TeamNG_TeamA3",215,7249034,2300,"SS","ball acquired",1,1850,650,1200,450,21.132175142422,10.7385669272022,27.6835059449638,-5.41914,126.2775,2.125095
"185","1903_15_TeamNG_TeamA3",228,7391719,0,"P","pitch",0,NA,1250,NA,2700,13.623494222115,76.7860068946159,17.9547278393587,1.181106,53.6445,6.39309
"186","1903_15_TeamNG_TeamA3",228,7392169,450,"event no player","ball bounce",0,NA,1250,NA,2700,13.623494222115,73.0308804410846,17.9547278393587,-0.492147,3.92568,0.02034828
"187","1903_15_TeamNG_TeamA3",228,7392269,550,"C","ball deflection",0,NA,1250,NA,2700,13.623494222115,72.191044711169,17.9547278393587,-0.4575,-4.8036,2.1885
"188","1903_15_TeamNG_TeamA3",228,7392669,950,"event no player","ball bounce",0,NA,1250,NA,2700,13.623494222115,67.8086645979701,17.9547278393587,-4.764,2.3679,-0.1995
"189","1903_15_TeamNG_TeamA3",228,7393019,1300,"event no player","ball bounce",0,NA,1250,NA,2700,13.623494222115,63.1332066460274,17.9547278393587,-6.5769,5.3091,-0.2136
"190","1903_15_TeamNG_TeamA3",228,7394419,2700,"C","ball acquired",0,NA,1250,NA,2700,13.623494222115,40.2533991113794,17.9547278393587,-12.54534,12.9882,-0.350907
"191","1903_15_TeamNG_TeamA3",228,7395669,3950,"C","throw (ball-in-play)",0,NA,1250,NA,2700,13.623494222115,17.809989312181,17.9547278393587,-11.89386,17.09007,5.7384
"192","1903_15_TeamNG_TeamA3",228,7396569,4850,"1B","ball acquired",0,NA,1250,NA,2700,13.623494222115,2.24256576715154,17.9547278393587,59.994,63.5982,3.82071
"193","1903_19_TeamNL_TeamB",25,775251,0,"P","pitch",1,2700,1400,1300,500,17.8608343872844,72.2471049455271,24.4089142297014,-1.185366,55.5483,6.00651
"194","1903_19_TeamNL_TeamB",25,775751,500,"C","ball acquired",1,2700,1400,1300,500,17.8608343872844,65.9922389919451,24.4089142297014,0.531825,-4.94193,0.776013
"195","1903_19_TeamNL_TeamB",25,777151,1900,"C","throw (ball-in-play)",1,2700,1400,1300,500,17.8608343872844,34.4709672694283,24.4089142297014,1.087683,-3.27915,6.40041
"196","1903_19_TeamNL_TeamB",25,778451,3200,"SS","ball acquired",1,2700,1400,1300,500,17.8608343872844,2.73937877081648,24.4089142297014,-1.369971,126.9954,3.77871
"197","1903_20_TeamNL_TeamB",232,7918816,0,"P","pitch",1,2350,1050,1300,500,16.3607586572261,73.6542688500809,26.703842341018,-0.775386,53.9031,5.76078
"198","1903_20_TeamNL_TeamB",232,7919316,500,"C","ball acquired",1,2350,1050,1300,500,16.3607586572261,64.6269993025361,26.703842341018,-1.641177,-5.75166,0.841299
"199","1903_20_TeamNL_TeamB",232,7920366,1550,"C","throw (ball-in-play)",1,2350,1050,1300,500,16.3607586572261,40.6804761555221,26.703842341018,1.251432,-4.20348,5.27886
"200","1903_20_TeamNL_TeamB",232,7921666,2850,"SS","ball acquired",1,2350,1050,1300,500,16.3607586572261,5.96548111219875,26.703842341018,-6.0021,124.0953,3.09981
"201","1903_22_TeamNA_TeamA1",64,1682863,0,"P","pitch",1,2000,650,1350,500,19.2603920533825,70.7793191126476,24.4879548680792,-2.675448,56.3094,6.18018
"202","1903_22_TeamNA_TeamA1",64,1683363,500,"C","ball acquired",1,2000,650,1350,500,19.2603920533825,59.9294433026872,24.4879548680792,-0.380016,-5.04444,1.182288
"203","1903_22_TeamNA_TeamA1",64,1684013,1150,"C","throw (ball-in-play)",1,2000,650,1350,500,19.2603920533825,44.0122726384357,24.4879548680792,0.428829,3.13356,7.00269
"204","1903_22_TeamNA_TeamA1",64,1685363,2500,"2B","ball acquired",1,2000,650,1350,500,19.2603920533825,11.3602046570473,24.4879548680792,6.79755,130.1142,6.64371
"205","1903_22_TeamNA_TeamA1",139,3937613,0,"P","pitch",0,1850,650,1200,450,21.9177723329722,68.1777946844865,26.7278747332806,1.157991,53.0592,5.91948
"206","1903_22_TeamNA_TeamA1",139,3938063,450,"C","ball acquired",0,1850,650,1200,450,21.9177723329722,57.5861027360769,26.7278747332806,0.480504,-3.36741,2.283996
"207","1903_22_TeamNA_TeamA1",139,3938713,1100,"C","throw (ball-in-play)",0,1850,650,1200,450,21.9177723329722,41.6602593108828,26.7278747332806,0.966831,2.397921,5.35437
"208","1903_22_TeamNA_TeamA1",139,3939913,2300,"2B","ball acquired",0,1850,650,1200,450,21.9177723329722,9.58680963094606,26.7278747332806,1.709385,124.8504,2.609007
"209","1903_22_TeamNA_TeamA1",187,5630063,0,"P","pitch",0,3150,1950,1200,550,16.1268506786043,73.9227214110114,25.6340813682787,-1.768446,57.8277,6.1614
"210","1903_22_TeamNA_TeamA1",187,5630613,550,"C","ball acquired",0,3150,1950,1200,550,16.1268506786043,70.222449320997,25.6340813682787,1.441353,-3.17625,-0.874857
"211","1903_22_TeamNA_TeamA1",187,5632563,2500,"C","throw (ball-in-play)",0,3150,1950,1200,550,16.1268506786043,38.7270928805662,25.6340813682787,10.4523,4.04781,5.76267
"212","1903_22_TeamNA_TeamA1",187,5633763,3700,"2B","ball acquired",0,3150,1950,1200,550,16.1268506786043,7.9661952386318,25.6340813682787,3.47325,126.5088,6.35052
"213","1903_22_TeamNA_TeamA1",248,7716413,0,"P","pitch",1,NA,650,NA,450,20.523184377674,69.5016208228269,24.8624699004543,-0.72402,53.4978,6.27144
"214","1903_22_TeamNA_TeamA1",248,7716863,450,"C","ball acquired",1,NA,650,NA,450,20.523184377674,59.3980821198799,24.8624699004543,0.955827,-5.96346,-0.2364342
"215","1903_22_TeamNA_TeamA1",248,7717513,1100,"C","throw (ball-in-play)",1,NA,650,NA,450,20.523184377674,43.2374766845846,24.8624699004543,1.251909,-1.039827,6.3378
"216","1903_22_TeamNA_TeamA1",248,7719363,2950,"event no player","ball bounce",1,NA,650,NA,450,20.523184377674,4.94225674161106,24.8624699004543,17.64096,153.0975,-0.1802484
"217","1903_22_TeamNA_TeamA1",248,7720313,3900,"event no player","ball bounce",1,NA,650,NA,450,20.523184377674,0.650141746083116,24.8624699004543,25.28718,191.1171,-0.2893893
"218","1903_23_TeamNA_TeamA1",137,4332094,0,"P","pitch",0,2000,750,1250,550,16.1254760456862,73.903346485122,28.6391694406204,-2.396613,57.0483,5.96652
"219","1903_23_TeamNA_TeamA1",137,4332644,550,"C","ball acquired",0,2000,750,1250,550,16.1254760456862,62.9311162005728,28.6391694406204,0.904638,-7.78335,0.1345599
"220","1903_23_TeamNA_TeamA1",137,4333394,1300,"C","throw (ball-in-play)",0,2000,750,1250,550,16.1254760456862,44.0053441127325,28.6391694406204,2.482164,1.038813,5.90511
"221","1903_23_TeamNA_TeamA1",137,4334644,2550,"2B","ball acquired",0,2000,750,1250,550,16.1254760456862,8.20638231195696,28.6391694406204,6.51546,124.7901,1.79385
"222","1903_23_TeamNA_TeamA1",148,4607494,0,"P","pitch",1,NA,800,NA,450,21.8360266348986,68.1786753406078,24.4568224229032,-1.824387,54.0126,5.88
"223","1903_23_TeamNA_TeamA1",148,4607944,450,"C","ball acquired",1,NA,800,NA,450,21.8360266348986,59.9317526008542,24.4568224229032,0.917289,-3.23445,1.661289
"224","1903_23_TeamNA_TeamA1",148,4608744,1250,"C","throw (ball-in-play)",1,NA,800,NA,450,21.8360266348986,41.4215610016088,24.4568224229032,1.968927,4.37784,6.20901
"225","1903_23_TeamNA_TeamA1",148,4609844,2350,"event no player","ball bounce",1,NA,800,NA,450,21.8360266348986,14.5190563364153,24.4568224229032,-5.28,109.3863,-0.2394264
"226","1903_23_TeamNA_TeamA1",148,4610144,2650,"2B","ball deflection",1,NA,800,NA,450,21.8360266348986,8.16500932332597,24.4568224229032,-7.35654,128.3802,2.150661
"227","1903_23_TeamNA_TeamA1",148,4610644,3150,"event no player","ball bounce",1,NA,800,NA,450,21.8360266348986,1.35278310160943,24.4568224229032,-15.3123,129.5577,0.1642536
"228","1903_23_TeamNA_TeamA1",148,4611044,3550,"event no player","ball bounce",1,NA,800,NA,450,21.8360266348986,1.39673974669587,24.4568224229032,-19.3449,132.7608,-0.24
"229","1903_25_TeamNH_TeamA3",248,8949261,0,"P","pitch",0,3000,1800,1200,500,16.6611799777207,73.8887845227542,21.9420560165298,-0.453606,55.8159,5.98917
"230","1903_25_TeamNH_TeamA3",248,8949761,500,"C","ball acquired",0,3000,1800,1200,500,16.6611799777207,70.4604816952737,21.9420560165298,0.885543,-6.17022,-1.037187
"231","1903_25_TeamNH_TeamA3",248,8951561,2300,"C","throw (ball-in-play)",0,3000,1800,1200,500,16.6611799777207,42.7482792847853,21.9420560165298,0.372255,2.302875,5.94546
"232","1903_25_TeamNH_TeamA3",248,8952761,3500,"SS","ball acquired",0,3000,1800,1200,500,16.6611799777207,16.4178120649495,21.9420560165298,1.906755,131.3094,3.55689
"233","1903_25_TeamNK_TeamB",42,1473065,0,"P","pitch",0,1900,700,1200,500,20.4141554429763,69.6070992819698,27.2685151895857,-2.012229,57.8523,6.74745
"234","1903_25_TeamNK_TeamB",42,1473565,500,"C","ball acquired",0,1900,700,1200,500,20.4141554429763,58.7028395419676,27.2685151895857,-0.499866,-4.99977,3.38196
"235","1903_25_TeamNK_TeamB",42,1474265,1200,"C","throw (ball-in-play)",0,1900,700,1200,500,20.4141554429763,41.467142814643,27.2685151895857,1.252521,0.747468,5.87607
"236","1903_25_TeamNK_TeamB",42,1475415,2350,"event no player","ball bounce",0,1900,700,1200,500,20.4141554429763,10.1083503466194,27.2685151895857,-0.787782,121.4781,-0.1348056
"237","1903_25_TeamNK_TeamB",42,1475465,2400,"2B","ball acquired",0,1900,700,1200,500,20.4141554429763,9.2319790825153,27.2685151895857,0.5895,124.1778,0
"238","1903_25_TeamNK_TeamB",60,2167165,0,"P","pitch",1,3225,700,2525,500,18.9383015289122,71.0763939490461,26.4696121572358,2.731188,54.7071,6.41118
"239","1903_25_TeamNK_TeamB",60,2167665,500,"C","ball acquired",1,3225,700,2525,500,18.9383015289122,61.2561636490566,26.4696121572358,1.175439,-2.940783,2.565414
"240","1903_25_TeamNK_TeamB",60,2168365,1200,"C","throw (ball-in-play)",1,3225,700,2525,500,18.9383015289122,44.5184032288895,26.4696121572358,1.837128,-3.44811,6.11271
"241","1903_25_TeamNK_TeamB",60,2169765,2600,"SS","ball acquired",1,3225,700,2525,500,18.9383015289122,7.46094620875931,26.4696121572358,8.81061,130.245,1.760793
"242","1903_25_TeamNK_TeamB",60,2169915,2750,"SS","throw (ball-in-play)",1,3225,700,2525,500,18.9383015289122,5.34325025616431,26.4696121572358,5.8176,126.3831,0.8772
"243","1903_25_TeamNK_TeamB",60,2169965,2800,"r1B","ball deflection",1,3225,700,2525,500,18.9383015289122,4.87376143137925,26.4696121572358,4.0713,124.4889,0.4824
"244","1903_25_TeamNK_TeamB",60,2170865,3700,"event no player","ball bounce",1,3225,700,2525,500,18.9383015289122,1.9897809577941,26.4696121572358,7.5645,124.1241,-0.0774
"245","1903_25_TeamNK_TeamB",60,2172015,4850,"SS","ball acquired",1,3225,700,2525,500,18.9383015289122,1.97506249015064,26.4696121572358,8.8953,124.5084,0
"246","1903_25_TeamNK_TeamB",175,6775365,0,"P","pitch",1,NA,NA,NA,3900,13.0627081326959,77.013829613648,18.8144387483987,-1.530603,53.3499,6.47022
"247","1903_25_TeamNK_TeamB",175,6775815,450,"event no player","ball bounce",1,NA,NA,NA,3900,13.0627081326959,73.7646198158711,18.8144387483987,0.2867682,-0.971235,0.1965966
"248","1903_25_TeamNK_TeamB",175,6775915,550,"C","ball deflection",1,NA,NA,NA,3900,13.0627081326959,73.044982946264,18.8144387483987,-0.2766,-4.6701,1.2078
"249","1903_25_TeamNK_TeamB",175,6776465,1100,"event no player","ball bounce",1,NA,NA,NA,3900,13.0627081326959,69.0921626273197,18.8144387483987,9.0333,-0.654,-0.1479
"250","1903_25_TeamNK_TeamB",175,6776765,1400,"event no player","ball bounce",1,NA,NA,NA,3900,13.0627081326959,66.9307376571482,18.8144387483987,11.85282,-0.592008,0.0986232
"251","1903_25_TeamNK_TeamB",175,6779265,3900,"C","ball acquired",1,NA,NA,NA,3900,13.0627081326959,19.8946407861514,18.8144387483987,21.8589,1.5696,0
"252","1903_26_TeamNK_TeamB",217,7382779,0,"P","pitch",1,NA,1850,NA,550,20.7607012660941,69.2565001213604,22.8166484024869,-0.603489,53.4618,6.85476
"253","1903_26_TeamNK_TeamB",217,7383329,550,"C","ball acquired",1,NA,1850,NA,550,20.7607012660941,57.8258068686465,22.8166484024869,-0.667875,-3.35037,0.419301
"254","1903_26_TeamNK_TeamB",217,7385179,2400,"C","throw (ball-in-play)",1,NA,1850,NA,550,20.7607012660941,15.6150073240457,22.8166484024869,0.316137,-5.90526,4.70376
"255","1903_26_TeamNK_TeamB",217,7386329,3550,"P","ball acquired",1,NA,1850,NA,550,20.7607012660941,2.63749687772327,22.8166484024869,2.448273,56.4615,3.73686
"256","1903_29_TeamNF_TeamA2",20,490954,0,"P","pitch",1,2150,650,1500,500,22.0845833406474,67.9302978157022,28.0691287038453,-2.152434,60.9999,6.07575
"257","1903_29_TeamNF_TeamA2",20,491454,500,"C","ball acquired",1,2150,650,1500,500,22.0845833406474,58.1983105273684,28.0691287038453,-0.113049,-5.02218,3.72633
"258","1903_29_TeamNF_TeamA2",20,492104,1150,"C","throw (ball-in-play)",1,2150,650,1500,500,22.0845833406474,41.2500887752984,28.0691287038453,1.916982,-2.152923,5.12586
"259","1903_29_TeamNF_TeamA2",20,493204,2250,"event no player","ball bounce",1,2150,650,1500,500,22.0845833406474,10.3740472010686,28.0691287038453,2.518503,102.4239,0.1910328
"260","1903_29_TeamNF_TeamA2",20,493604,2650,"2B","ball acquired",1,2150,650,1500,500,22.0845833406474,1.72297891455467,28.0691287038453,2.599611,123.3825,2.038371
"261","1903_29_TeamNF_TeamA2",79,2590829,0,"P","pitch",1,2050,750,1300,550,19.4361013078755,70.5924378814756,27.2324424099309,-1.549395,63.1608,5.74119
"262","1903_29_TeamNF_TeamA2",79,2591379,550,"C","ball acquired",1,2050,750,1300,550,19.4361013078755,59.7673236404308,27.2324424099309,0.2329107,-7.90149,0.658041
"263","1903_29_TeamNF_TeamA2",79,2592129,1300,"C","throw (ball-in-play)",1,2050,750,1300,550,19.4361013078755,41.1449094859862,27.2324424099309,-0.587745,-6.5808,4.48233
"264","1903_29_TeamNF_TeamA2",79,2593429,2600,"SS","ball acquired",1,2050,750,1300,550,19.4361013078755,5.74273435307607,27.2324424099309,3.92307,123.2151,6.27561
"265","1903_29_TeamNF_TeamA2",122,4122171,0,"P","pitch",1,1900,600,1300,450,22.5326937388764,67.5255726901298,25.9891871113032,-1.528368,53.7999,5.73132
"266","1903_29_TeamNF_TeamA2",122,4122621,450,"C","ball acquired",1,1900,600,1300,450,22.5326937388764,58.0232347723737,25.9891871113032,0.437901,-4.34274,3.55386
"267","1903_29_TeamNF_TeamA2",122,4123221,1050,"C","throw (ball-in-play)",1,1900,600,1300,450,22.5326937388764,44.0278665504019,25.9891871113032,1.263867,-2.857686,4.46838
"268","1903_29_TeamNF_TeamA2",122,4124521,2350,"SS","ball acquired",1,1900,600,1300,450,22.5326937388764,10.2419233057078,25.9891871113032,-2.664081,125.0025,1.878927
"269","1903_29_TeamNF_TeamA2",159,5162321,0,"P","pitch",0,1800,650,1150,450,23.3033825830071,66.738635225857,26.4051007489967,-2.062314,56.7705,6.21123
"270","1903_29_TeamNF_TeamA2",159,5162771,450,"C","ball acquired",0,1800,650,1150,450,23.3033825830071,57.3948765226479,26.4051007489967,1.201734,-2.811042,1.796085
"271","1903_29_TeamNF_TeamA2",159,5163421,1100,"C","throw (ball-in-play)",0,1800,650,1150,450,23.3033825830071,41.6922549355393,26.4051007489967,1.122045,-0.44925,6.44568
"272","1903_29_TeamNF_TeamA2",159,5164571,2250,"2B","ball acquired",0,1800,650,1150,450,23.3033825830071,11.3263890741931,26.4051007489967,1.525032,117.9549,2.602575
"273","1903_30_TeamNB_TeamA1",179,6000571,0,"P","pitch",1,1900,650,1250,500,21.2782039902338,68.7390463204866,27.8103209574187,-1.408137,55.8531,6.25065
"274","1903_30_TeamNB_TeamA1",179,6001071,500,"C","ball acquired",1,1900,650,1250,500,21.2782039902338,57.6566127757259,27.8103209574187,0.582441,-7.64541,3.47637
"275","1903_30_TeamNB_TeamA1",179,6001721,1150,"C","throw (ball-in-play)",1,1900,650,1250,500,21.2782039902338,41.4313436843412,27.8103209574187,1.571907,1.335681,6.27234
"276","1903_30_TeamNB_TeamA1",179,6002971,2400,"2B","ball acquired",1,1900,650,1250,500,21.2782039902338,6.66844248756784,27.8103209574187,5.70738,129.4068,3.61962
"277","1903_30_TeamNF_TeamA2",77,2209197,0,"P","pitch",0,1850,650,1200,500,19.2473148215537,70.7696772907719,28.9239917401508,-1.225428,54.3366,5.8518
"278","1903_30_TeamNF_TeamA2",77,2209697,500,"C","ball acquired",0,1850,650,1200,500,19.2473148215537,61.2636749537603,28.9239917401508,0.763578,-6.10983,0.686535
"279","1903_30_TeamNF_TeamA2",77,2210347,1150,"C","throw (ball-in-play)",0,1850,650,1200,500,19.2473148215537,45.8225187244219,28.9239917401508,1.425531,-2.345598,5.78583
"280","1903_30_TeamNF_TeamA2",77,2211547,2350,"2B","ball acquired",0,1850,650,1200,500,19.2473148215537,11.1137286362409,28.9239917401508,3.15312,125.385,4.70619
"281","1903_30_TeamNF_TeamA2",96,2769797,0,"P","pitch",1,1850,650,1200,500,20.8900189164586,69.1332669438527,27.0459037279322,-1.577991,54.1296,5.61675
"282","1903_30_TeamNF_TeamA2",96,2770297,500,"C","ball acquired",1,1850,650,1200,500,20.8900189164586,59.258675677828,27.0459037279322,1.675692,-8.23518,1.054566
"283","1903_30_TeamNF_TeamA2",96,2770947,1150,"C","throw (ball-in-play)",1,1850,650,1200,500,20.8900189164586,43.4567178522493,27.0459037279322,2.004354,-2.351958,5.9865
"284","1903_30_TeamNF_TeamA2",96,2772147,2350,"2B","ball acquired",1,1850,650,1200,500,20.8900189164586,11.0016333787306,27.0459037279322,-1.512111,122.9304,0.792969
"285","1903_30_TeamNF_TeamA2",195,6083297,0,"P","pitch",0,1850,650,1200,500,20.5232239292466,69.5478861249571,26.1669080781227,-1.319892,57.4686,6.05646
"286","1903_30_TeamNF_TeamA2",195,6083797,500,"C","ball acquired",0,1850,650,1200,500,20.5232239292466,59.7144893063652,26.1669080781227,0.841572,-4.14132,1.903833
"287","1903_30_TeamNF_TeamA2",195,6084447,1150,"C","throw (ball-in-play)",0,1850,650,1200,500,20.5232239292466,44.0426895228936,26.1669080781227,-0.387156,-2.747208,5.62212
"288","1903_30_TeamNF_TeamA2",195,6085647,2350,"SS","ball acquired",0,1850,650,1200,500,20.5232239292466,12.6423998291464,26.1669080781227,1.750647,124.8654,5.25351
"289","1903_31_TeamNB_TeamA1",25,823292,0,"P","pitch",0,2000,800,1200,500,17.765363906771,72.2495087785377,28.6045446076842,-1.553208,57.138,6.2349
"290","1903_31_TeamNB_TeamA1",25,823792,500,"C","ball acquired",0,2000,800,1200,500,17.765363906771,63.3636986352596,28.6045446076842,-1.315392,-2.773554,1.023678
"291","1903_31_TeamNB_TeamA1",25,824592,1300,"C","throw (ball-in-play)",0,2000,800,1200,500,17.765363906771,44.1552583151769,28.6045446076842,-0.02161653,0.986853,5.96916
"292","1903_31_TeamNB_TeamA1",25,825792,2500,"SS","ball acquired",0,2000,800,1200,500,17.765363906771,9.82980478595582,28.6045446076842,4.43337,128.2716,-0.1871505
